[{"model": "admin.logentry", "pk": 1, "fields": {"action_time": "2026-03-23T20:42:17.520Z", "user": 1, "content_type": 6, "object_id": "1", "object_repr": "imagen object (1)", "action_flag": 1, "change_message": "[{\"added\": {}}]"}}, {"model": "admin.logentry", "pk": 2, "fields": {"action_time": "2026-03-23T20:42:26.992Z", "user": 1, "content_type": 6, "object_id": "2", "object_repr": "imagen object (2)", "action_flag": 1, "change_message": "[{\"added\": {}}]"}}, {"model": "admin.logentry", "pk": 3, "fields": {"action_time": "2026-03-23T20:42:34.083Z", "user": 1, "content_type": 6, "object_id": "3", "object_repr": "imagen object (3)", "action_flag": 1, "change_message": "[{\"added\": {}}]"}}, {"model": "admin.logentry", "pk": 4, "fields": {"action_time": "2026-03-23T20:42:43.815Z", "user": 1, "content_type": 6, "object_id": "4", "object_repr": "imagen object (4)", "action_flag": 1, "change_message": "[{\"added\": {}}]"}}, {"model": "admin.logentry", "pk": 5, "fields": {"action_time": "2026-03-23T20:42:48.492Z", "user": 1, "content_type": 6, "object_id": "5", "object_repr": "imagen object (5)", "action_flag": 1, "change_message": "[{\"added\": {}}]"}}, {"model": "sessions.session", "pk": "hkbnqitbnlyqohhvibzisr35kzh5dzxy", "fields": {"session_data": ".eJxVjEEOwiAQRe_C2hDqQAGX7nsGMjCMVA0kpV0Z765NutDtf-_9lwi4rSVsPS9hJnERVpx-t4jpkesO6I711mRqdV3mKHdFHrTLqVF-Xg_376BgL99aaX82Wg8EYzKcHTJnRtBWMXgaEIwjk5wBcEheKwXkmMmmPCbroxPvD-JUOCE:1wIAfw:0NdAzHpgX8paTkO38x5SGnv6v1m3QWU5Ta6hdpI8IRs", "expire_date": "2026-05-13T19:34:24.256Z"}}, {"model": "sessions.session", "pk": "my52q1ozzcxf69qibuywfe58bcxqbuab", "fields": {"session_data": ".eJxVjLsOgzAMAP_FcxWleRkzducbkJ2YQluBRGCq-u8VEkO73p3uDT3v29jvVdd-KtBCgMsvE85PnQ9RHjzfF5OXeVsnMUdiTltNtxR93c72bzByHaEFjOlqrSREHApLio0VLx4ZhyASstNEyTsiyaRErC40JRZtHFmO6OHzBdUhN48:1w4mQX:Tv_Pfs8ScHFk1tBWjZwPVgDipebWX2N0hTqFu4Vm5CE", "expire_date": "2026-04-06T21:03:09.655Z"}}, {"model": "sessions.session", "pk": "oihzd6yxxhrfcafceul0d7tnh2ahld91", "fields": {"session_data": ".eJxVjMsKwjAQAP9lzxJKk90kPXr3G8JuHqYqKTTtSfx3KfSg15lh3hB432rYe17DnGACD5dfJhyfuR0iPbjdFxWXtq2zqCNRp-3qtqT8up7t36ByrzCBQ_IxYmQk8mgNaqc1SZHBMOZiI9okhYwbx2QG0myFKItODtFRJvh8AdOHN20:1wKooT:M1acRAf3v2VD88Gf014b4lmDE6W9JJNgbmhJLFkPzDY", "expire_date": "2026-05-21T02:50:09.375Z"}}, {"model": "sessions.session", "pk": "vkaoq2k0wb3t3w7qeuj22tsccc1sv7cw", "fields": {"session_data": ".eJxVjMsOgjAQAP9lz6Zp7Yvl6J1vaJbt1qIGEgon478bEg56nZnMGxLtW017kzVNGXrwcPllI_FT5kPkB833RfEyb-s0qiNRp21qWLK8bmf7N6jUKvQQg_GcxTrO2LFmROssxyjRoKGAjpHRkNfWRl-0FB1KV8IV0UdxTPD5AtNZN2w:1w9VXe:KByM15hI7NBENZJaEpLJJHlo6webCNppW6XU98z7-Bg", "expire_date": "2026-04-19T22:02:02.642Z"}}, {"model": "users.usersession", "pk": 1, "fields": {"user": 2, "ip_address": "127.0.0.1", "user_agent": "Mozilla/5.0 (Windows NT 10.0; Win64; x64) AppleWebKit/537.36 (KHTML, like Gecko) Chrome/146.0.0.0 Safari/537.36", "device_id": "c1b14569-386e-40b5-b0e7-710f4aeeb1bf", "login_time": "2025-01-01T00:00:00Z", "logout_time": null, "is_active": false}}, {"model": "users.usersession", "pk": 2, "fields": {"user": 3, "ip_address": "127.0.0.1", "user_agent": "Mozilla/5.0 (Windows NT 10.0; Win64; x64) AppleWebKit/537.36 (KHTML, like Gecko) Chrome/146.0.0.0 Safari/537.36", "device_id": "c1b14569-386e-40b5-b0e7-710f4aeeb1bf", "login_time": "2025-01-01T00:00:00Z", "logout_time": null, "is_active": false}}, {"model": "users.usersession", "pk": 3, "fields": {"user": 4, "ip_address": "127.0.0.1", "user_agent": "Mozilla/5.0 (Windows NT 10.0; Win64; x64) AppleWebKit/537.36 (KHTML, like Gecko) Chrome/146.0.0.0 Safari/537.36", "device_id": "c1b14569-386e-40b5-b0e7-710f4aeeb1bf", "login_time": "2025-01-01T00:00:00Z", "logout_time": null, "is_active": false}}, {"model": "users.usersession", "pk": 4, "fields": {"user": 5, "ip_address": "127.0.0.1", "user_agent": "Mozilla/5.0 (Windows NT 10.0; Win64; x64) AppleWebKit/537.36 (KHTML, like Gecko) Chrome/146.0.0.0 Safari/537.36", "device_id": "c1b14569-386e-40b5-b0e7-710f4aeeb1bf", "login_time": "2025-01-01T00:00:00Z", "logout_time": null, "is_active": true}}, {"model": "users.usersession", "pk": 5, "fields": {"user": 6, "ip_address": "127.0.0.1", "user_agent": "Mozilla/5.0 (Windows NT 10.0; Win64; x64) AppleWebKit/537.36 (KHTML, like Gecko) Chrome/147.0.0.0 Safari/537.36", "device_id": "292cc7d1-29ca-4503-bf41-460ac2a91064", "login_time": "2025-01-01T00:00:00Z", "logout_time": null, "is_active": true}}, {"model": "users.usersession", "pk": 6, "fields": {"user": 7, "ip_address": "127.0.0.1", "user_agent": "Mozilla/5.0 (Windows NT 10.0; Win64; x64) AppleWebKit/537.36 (KHTML, like Gecko) Chrome/147.0.0.0 Safari/537.36", "device_id": "3040b3c8-b02a-4d10-9d74-38134dcbd7bc", "login_time": "2025-01-01T00:00:00Z", "logout_time": null, "is_active": true}}, {"model": "users.usersession", "pk": 7, "fields": {"user": 8, "ip_address": "127.0.0.1", "user_agent": "Mozilla/5.0 (Windows NT 10.0; Win64; x64) AppleWebKit/537.36 (KHTML, like Gecko) Chrome/147.0.0.0 Safari/537.36", "device_id": "c1b14569-386e-40b5-b0e7-710f4aeeb1bf", "login_time": "2025-01-01T00:00:00Z", "logout_time": null, "is_active": false}}, {"model": "users.usersession", "pk": 8, "fields": {"user": 9, "ip_address": "127.0.0.1", "user_agent": "Mozilla/5.0 (Windows NT 10.0; Win64; x64) AppleWebKit/537.36 (KHTML, like Gecko) Chrome/147.0.0.0 Safari/537.36", "device_id": "c1b14569-386e-40b5-b0e7-710f4aeeb1bf", "login_time": "2025-01-01T00:00:00Z", "logout_time": null, "is_active": false}}, {"model": "users.usersession", "pk": 9, "fields": {"user": 9, "ip_address": "127.0.0.1", "user_agent": "Mozilla/5.0 (Windows NT 10.0; Win64; x64) AppleWebKit/537.36 (KHTML, like Gecko) Chrome/147.0.0.0 Safari/537.36", "device_id": "c1b14569-386e-40b5-b0e7-710f4aeeb1bf", "login_time": "2025-01-01T00:00:00Z", "logout_time": null, "is_active": false}}, {"model": "users.usersession", "pk": 10, "fields": {"user": 9, "ip_address": "127.0.0.1", "user_agent": "Mozilla/5.0 (Windows NT 10.0; Win64; x64) AppleWebKit/537.36 (KHTML, like Gecko) Chrome/147.0.0.0 Safari/537.36", "device_id": "c1b14569-386e-40b5-b0e7-710f4aeeb1bf", "login_time": "2025-01-01T00:00:00Z", "logout_time": null, "is_active": true}}, {"model": "users.customuser", "pk": 1, "fields": {"password": "pbkdf2_sha256$1000000$TQhMEvmRFtVJDSYKUfuAOl$O9B2R8+rJPPczmFUEcmK2Sm0oXUYbf4+jlB5CSZnh5w=", "last_login": "2026-03-23T20:41:55.757Z", "is_superuser": true, "username": "demonevildotpython", "first_name": "", "last_name": "", "is_staff": true, "is_active": true, "date_joined": "2026-03-23T20:41:23.755Z", "email": "Elvidavip954@gmail.com", "imagen": "", "score": 0, "is_banned": false, "groups": [], "user_permissions": []}}, {"model": "users.customuser", "pk": 2, "fields": {"password": "pbkdf2_sha256$1000000$qinBpkNSaUREE6zi5BOrKj$+04yUI2sn6hlzvjBlNtlgXlXYnpfoNcr3EFfnDYOxcA=", "last_login": "2026-03-23T20:48:56.216Z", "is_superuser": false, "username": "david", "first_name": "", "last_name": "", "is_staff": false, "is_active": true, "date_joined": "2026-03-23T20:48:53.543Z", "email": "david@gmail.com", "imagen": "users/imagenes/rei.jpg", "score": 0, "is_banned": false, "groups": [], "user_permissions": []}}, {"model": "users.customuser", "pk": 3, "fields": {"password": "pbkdf2_sha256$1000000$Jdn7xJagiZVCwDJetz8PbS$v429ridR3vnDn590jrqcDKjmZDZ7sNW4eXFe6Swb2/U=", "last_login": "2026-03-23T21:01:44.784Z", "is_superuser": false, "username": "david2", "first_name": "", "last_name": "", "is_staff": false, "is_active": true, "date_joined": "2026-03-23T21:01:41.892Z", "email": "qwertyY@gmail.com", "imagen": "", "score": 0, "is_banned": false, "groups": [], "user_permissions": []}}, {"model": "users.customuser", "pk": 4, "fields": {"password": "pbkdf2_sha256$1000000$j97kj7FhT3fPPEicQcmdF8$TF3HPu46ZfPTqlZY9ObFQgMHuJhrIy5fXtYLAwA48qU=", "last_login": "2026-03-23T21:03:09.641Z", "is_superuser": false, "username": "david3", "first_name": "", "last_name": "", "is_staff": false, "is_active": true, "date_joined": "2026-03-23T21:03:06.870Z", "email": "asdflkjaslkfdj@gmail.com", "imagen": "users/imagenes/teto3_FSJVVOq.webp", "score": 0, "is_banned": false, "groups": [], "user_permissions": []}}, {"model": "users.customuser", "pk": 5, "fields": {"password": "pbkdf2_sha256$1000000$djHuNobeY3ubXuU4FxfLsE$lTH1XUhAKKFMqrm5xVFudFYoeUZ8dj8hwiq2GU09PNY=", "last_login": "2026-04-05T22:02:02.631Z", "is_superuser": false, "username": "perra", "first_name": "", "last_name": "", "is_staff": false, "is_active": true, "date_joined": "2026-04-05T22:01:58.922Z", "email": "perra12@gmail.com", "imagen": "users/imagenes/teto2_zTyujaw.webp", "score": 0, "is_banned": false, "groups": [], "user_permissions": []}}, {"model": "users.customuser", "pk": 6, "fields": {"password": "pbkdf2_sha256$1000000$XEDPheCdYM8rp5zzHQt8FK$WqWqVYc+EAMvdKHHFnbotQid0S2/sKUv4g5pKH7jNsk=", "last_login": "2026-04-29T19:32:36.615Z", "is_superuser": false, "username": "puta", "first_name": "", "last_name": "", "is_staff": false, "is_active": true, "date_joined": "2026-04-29T19:32:35.755Z", "email": "puta@gmail.com", "imagen": "users/imagenes/teto3_FSJVVOq.webp", "score": 0, "is_banned": false, "groups": [], "user_permissions": []}}, {"model": "users.customuser", "pk": 7, "fields": {"password": "pbkdf2_sha256$1000000$eM0eHFpmve37mNw6jmIXaY$woYidZFa++21mxePchSCzFugUdOxu29nHgfpdLya5H4=", "last_login": "2026-04-29T19:34:24.252Z", "is_superuser": false, "username": "puta1", "first_name": "", "last_name": "", "is_staff": false, "is_active": true, "date_joined": "2026-04-29T19:34:23.418Z", "email": "puta1@gmail.com", "imagen": "users/imagenes/rei.jpg", "score": 0, "is_banned": false, "groups": [], "user_permissions": []}}, {"model": "users.customuser", "pk": 8, "fields": {"password": "pbkdf2_sha256$1000000$oIW6KIlwiyLKaUe3cuykgO$jjCT7VP0J+NoeJmHPoB8+aT+iRKs6OBk1d6fSwxYKeY=", "last_login": "2026-05-07T01:21:47.762Z", "is_superuser": false, "username": "beako", "first_name": "", "last_name": "", "is_staff": false, "is_active": true, "date_joined": "2026-05-07T01:21:44.520Z", "email": "beako@gmail.com", "imagen": "imagenes/kashira.jpg", "score": 0, "is_banned": false, "groups": [], "user_permissions": []}}, {"model": "users.customuser", "pk": 9, "fields": {"password": "pbkdf2_sha256$1000000$Q6IgjjCaUvnHdQMIbQ1vp4$QBjZ2mtO3GG+cDs1UgbF3eiTY3t7u+MZ6NsuNDtXEwA=", "last_login": "2026-05-07T02:50:09.362Z", "is_superuser": false, "username": "subaruu", "first_name": "", "last_name": "", "is_staff": false, "is_active": true, "date_joined": "2026-05-07T02:46:13.799Z", "email": "subaruu@gmail.com", "imagen": "imagenes/subaru.jpg", "score": 0, "is_banned": false, "groups": [], "user_permissions": []}}, {"model": "users.imagen", "pk": 1, "fields": {"imagen": "users/imagenes/rei.jpg", "imagen_url": null}}, {"model": "users.imagen", "pk": 2, "fields": {"imagen": "users/imagenes/teto1_U1pQs3d.webp", "imagen_url": null}}, {"model": "users.imagen", "pk": 3, "fields": {"imagen": "users/imagenes/teto2_zTyujaw.webp", "imagen_url": null}}, {"model": "users.imagen", "pk": 4, "fields": {"imagen": "users/imagenes/teto3_FSJVVOq.webp", "imagen_url": null}}, {"model": "users.imagen", "pk": 5, "fields": {"imagen": "users/imagenes/default.jpg", "imagen_url": null}}, {"model": "catalog.topics_group", "pk": 1, "fields": {"nombre": "fans de rei", "categoria": "anime", "imagen": "catalog/group/image/rei.jpg", "imagen_url": "", "score": 0, "users_joined": [], "posts": [27, 28, 32, 33, 34, 35, 36, 37, 38, 39, 40]}}, {"model": "catalog.topics_group", "pk": 2, "fields": {"nombre": "kashira", "categoria": "re zero", "imagen": "catalog/group/image/kashira.jpg", "imagen_url": "", "score": 0, "users_joined": [], "posts": [30, 31]}}, {"model": "catalog.post", "pk": 1, "fields": {"content": "que se pudra asuka", "user": 2, "created_at": "2026-03-23T20:58:36.039Z", "updated_at": "2026-03-23T20:58:36.039Z", "group": 1}}, {"model": "catalog.post", "pk": 2, "fields": {"content": "puta asuka", "user": 2, "created_at": "2026-03-23T20:58:49.865Z", "updated_at": "2026-03-23T20:58:49.865Z", "group": 1}}, {"model": "catalog.post", "pk": 27, "fields": {"content": "sdfds", "user": 8, "created_at": "2026-05-07T01:54:45.911Z", "updated_at": "2026-05-07T01:54:45.911Z", "group": 1}}, {"model": "catalog.post", "pk": 28, "fields": {"content": "kashira", "user": 8, "created_at": "2026-05-07T01:55:50.884Z", "updated_at": "2026-05-07T01:55:50.884Z", "group": 1}}, {"model": "catalog.post", "pk": 30, "fields": {"content": "victory!!!", "user": 8, "created_at": "2026-05-07T02:01:04.894Z", "updated_at": "2026-05-07T02:01:04.895Z", "group": 2}}, {"model": "catalog.post", "pk": 31, "fields": {"content": "CXVJKZCVKZJVKLJZLVKJCXLKVJCJVCJVLKŃCVLKŃCXJVLKŃJCXŃVJXZLVJCXLKŃJVLKŃCJVLKŃCLVKŃJCXLVKŃJCXLKVJXZLKJVCXJVŃLKCXJVŃLKCJVŃLKCJVLKŃCJVKLŃJCZVLKŃJCLKŃVJCXZLVJXZLVJŃCVJLKCJVLKŃZJVLKŃZJVCJVXZ", "user": 8, "created_at": "2026-05-07T02:02:12.193Z", "updated_at": "2026-05-07T02:02:12.193Z", "group": 2}}, {"model": "catalog.post", "pk": 32, "fields": {"content": "sadfasdf", "user": 8, "created_at": "2026-05-07T02:04:51.202Z", "updated_at": "2026-05-07T02:04:51.202Z", "group": 1}}, {"model": "catalog.post", "pk": 33, "fields": {"content": "kashira", "user": 8, "created_at": "2026-05-07T02:05:12.237Z", "updated_at": "2026-05-07T02:05:12.237Z", "group": 1}}, {"model": "catalog.post", "pk": 34, "fields": {"content": "kashira", "user": 8, "created_at": "2026-05-07T02:05:19.957Z", "updated_at": "2026-05-07T02:05:19.957Z", "group": 1}}, {"model": "catalog.post", "pk": 35, "fields": {"content": "kashira", "user": 8, "created_at": "2026-05-07T02:05:25.940Z", "updated_at": "2026-05-07T02:05:25.940Z", "group": 1}}, {"model": "catalog.post", "pk": 36, "fields": {"content": "kashira", "user": 8, "created_at": "2026-05-07T02:05:31.881Z", "updated_at": "2026-05-07T02:05:31.881Z", "group": 1}}, {"model": "catalog.post", "pk": 37, "fields": {"content": "kashira", "user": 8, "created_at": "2026-05-07T02:05:37.456Z", "updated_at": "2026-05-07T02:05:37.456Z", "group": 1}}, {"model": "catalog.post", "pk": 38, "fields": {"content": "kashira", "user": 8, "created_at": "2026-05-07T02:05:46.622Z", "updated_at": "2026-05-07T02:05:46.622Z", "group": 1}}, {"model": "catalog.post", "pk": 39, "fields": {"content": "asdfasdf", "user": 8, "created_at": "2026-05-07T02:16:47.428Z", "updated_at": "2026-05-07T02:16:47.428Z", "group": 1}}, {"model": "catalog.post", "pk": 40, "fields": {"content": "asdfas", "user": 8, "created_at": "2026-05-07T02:18:27.406Z", "updated_at": "2026-05-07T02:18:27.406Z", "group": 1}}]